时段,日前基础功率,日前调频功率,修正后基础功率,修正后调频功率,日前利润,实际利润,日前能量费用,日前容量收益,日前里程收益,实际能量费用,实际容量收益,实际里程收益,实际里程,实际能量,实际成本,修正次数
1,0.0,1.0,0.0,1.0,141.08430073268906,112.87199538057011,0.0,23.8128,117.27150073268905,-29.34630772844479,23.8128,118.4055031090149,25.766765705031013,-0.3775901663464332,60.47350083453284,0.0
2,0.0,1.0,0.0,1.0,133.83758761215424,132.85882338105,0.0,32.668800000000005,101.16878761215423,-0.8440119457269408,32.668800000000005,101.03403532677694,25.798207329017277,-0.013893200752706844,57.21153631832453,0.0
3,-0.1666666666666668,0.8333333333333333,-0.09090909090909098,0.9090909090909091,70.5756408340485,82.68969919349318,-9.400000000000007,23.944,56.0316408340485,-6.5512654023374,26.12072727272727,63.12023732310332,24.206257602049135,-0.11615718798470567,31.752453291630363,0.0
4,0.0,0.0,0.0,0.0,0.0,0.0,0.0,0.0,0.0,0.0,0.0,0.0,0.0,0.0,0.0,0.0
5,-0.2857142857142858,0.7142857142857142,-0.19348013879093795,0.806519861209062,43.813771948227426,60.224021658603355,-14.948571428571434,8.146114285714283,50.61622909108458,-6.154695467400572,9.198004148350421,57.180712977653506,19.90084954395447,-0.1176356167316623,24.509505550447305,0.0
6,-0.3145833333333333,0.6666666666666667,-0.2669642857142858,0.7142857142857142,11.84375771776704,15.618516171312605,-15.6945625,16.813280000000002,10.725040217767038,-13.502394057004691,18.014228571428568,11.106681656888728,19.130979841685146,-0.27064329639215656,40.90601536776046,0.0
7,-0.12451923076923077,0.8754807692307691,-0.07756584567121577,0.9224341543287842,68.83783774260394,82.55747040614449,-5.923379807692307,15.670195269230767,59.091022281065484,-0.8323367703427139,16.510612030964733,66.87919514552247,28.20193432915126,-0.017497094184206724,38.68424690611248,0.0
8,-0.28244222689075643,1.5975577731092434,-0.13868207549595185,1.7413179245040482,128.0837843636455,162.78179844977936,-14.218141701680679,36.281687268907554,106.02023879641861,-0.8517588402477434,39.54658381439258,124.08697347563452,52.32558001705062,-0.016920119989029467,35.48014113903551,0.0
9,-0.4204283380018675,2.339571661998132,-0.3023337762388423,2.4576662237611577,121.09053434575644,155.71176778136808,-25.179453162931846,43.510417941176456,102.75956956751183,-14.605840210377098,45.7066933630205,124.61091462872467,78.17105454476855,-0.24387777943524958,51.883440894658015,0.0
10,0.17001076486336886,3.8100107648633688,0.33764626940448617,3.977646269404486,425.17009824826755,390.28938594159683,12.390384543242321,160.27191283474247,252.50780087028275,-37.97579300565522,167.3236679687691,260.94151097848294,96.4307135914571,-0.5210729007362133,80.42570065507151,0.0
11,-0.14660256410256411,3.493397435897436,-0.022122363569730963,3.617877636430269,273.7521744974398,403.88552435079606,-10.916026923076924,115.91260375384614,168.7555976666706,55.311412598440455,120.0429165580218,228.5311951943338,110.06973914110787,0.7428339054316473,63.44599579861401,0.0
12,0.10884504754194757,3.7488450475419475,0.17657066698118573,3.8165706669811854,360.3207112149273,411.6735775591002,8.288550370319308,179.94276283639067,172.08939800821733,20.09326004978381,183.19356006117675,208.38675744813963,114.47305946393081,0.26386421601817217,64.28119279913354,0.0
13,0.49854374791874756,4.138543747918748,0.6503343516543191,4.290334351654319,443.8599532921162,574.1785496902066,45.70649080919078,154.2597485764236,243.8937139065018,92.96248318041349,159.91757939681494,321.29848711297814,129.5725606178935,1.0139886908858364,71.6989814314152,0.0
14,1.1607222691575088,2.769472269157509,1.4332941097547904,3.04204410975479,329.5233134862656,366.9335109680512,114.23828573048202,135.68575189285073,79.59927586293283,127.70000140718507,149.03996220509592,90.19354735577026,77.0253017658761,1.297500522324579,85.06879275446776,0.0
15,1.5724658264271043,0.11880695595482567,1.6437499999999998,0.0,184.65291755700036,188.9819374999998,180.78639606432418,2.239919815676948,1.6266016769992393,188.9819374999998,0.0,0.0,0.0,1.643749999999998,0.0,0.0
16,0.26481375060748635,1.9110637506074863,0.5246149376720168,2.1708649376720164,127.57512509859689,186.85078653242593,33.888215665240025,51.5253364183788,42.16157301497806,87.66185329037876,58.52999210353783,40.658941138509334,44.43017433616283,0.6850187801076718,77.94155914872344,0.0
17,0.6125,3.6399999999999997,0.5897165882304645,3.6172165882304643,578.2617395588231,638.5763486668793,111.995625,415.66324799999995,50.60286655882315,171.81526991647613,413.061537303119,53.69954144728416,97.45125843366027,0.9396514624909824,147.2824641832197,0.0
18,0.6189808310079679,2.4185641643413014,0.3556538638581566,2.1552371971914894,223.8035829204682,156.0283357355686,114.69714798577645,87.84089605294402,21.265538881747705,55.215986828365764,78.27700806916445,22.53534083803835,60.26781353775768,0.2979815802933932,70.97571473934241,0.0
19,0.0625,1.0,0.0625,1.0,156.30462724430657,176.71356213418392,12.024375,124.84008,19.440172244306588,29.271641583076963,124.84008,22.601840551106953,29.07512677666326,0.15214741713746538,33.52346084708647,0.0
20,0.0,0.0,0.0,0.0,0.0,0.0,0.0,0.0,0.0,0.0,0.0,0.0,0.0,0.0,0.0,0.0
21,0.0,0.0,0.0,0.0,0.0,0.0,0.0,0.0,0.0,0.0,0.0,0.0,0.0,0.0,0.0,0.0
22,0.0,0.0,0.0,0.0,0.0,0.0,0.0,0.0,0.0,0.0,0.0,0.0,0.0,0.0,0.0,0.0
23,-0.018277928637995933,0.9817220713620041,0.0,1.0,107.68935226651423,113.4668785644072,-1.371027427136075,28.603689884500476,80.45668980914984,-6.647799638920077,29.136239999999997,90.97843820332727,25.192850790669034,-0.08862551178402982,51.366290337092764,0.0
24,-0.09090909090909098,0.9090909090909091,0.0,1.0,91.86287142589961,98.32522340354052,-6.217272727272732,35.36138181818182,62.71876233499052,2.697812606708004,38.89752,56.72989079683251,19.3464188072354,0.039447471950694604,47.380586698288134,0.0
